,Description,Price
0,مک بوک ایر 8GB RAM | 256GB SSD | M1 | MGN63 ا Macbook air MGN63,مک بوک ایر 8GB RAM | 256GB SSD | M1 | MGN63 ا Macbook air MGN63 از ۲۶٫۹۹۹٫۰۰۰ توماندر ۳۲ فروشگاه    
1,مک بوک ایر 8GB RAM | 256GB SSD | M1 | MGN63 ا Macbook air MGN63,مک بوک ایر 8GB RAM | 256GB SSD | M1 | MGN63 ا Macbook air MGN63 از ۲۶٫۹۹۹٫۰۰۰ توماندر ۳۲ فروشگاه    
2,مک بوک ایر 8GB RAM | 256GB SSD | M1 | MGN63 ا Macbook air MGN63,
3,لپ تاپ ایسوس مدل TUF Dash F15 FX516PM گرافیک 6 گیگابایت ا Asus TUF Dash F15 FX516PM i7 11370H-16GB-512 SSD-6GB  3060 Laptop,لپ تاپ ایسوس مدل TUF Dash F15 FX516PM گرافیک 6 گیگابایت ا Asus TUF Dash F15 FX516PM i7 11370H-16GB-512 SSD-6GB  3060 Laptop از ۴۰٫۸۵۰٫۰۰۰ توماندر ۱۲ فروشگاه    
4,لپ تاپ ایسوس مدل TUF Dash F15 FX516PM گرافیک 6 گیگابایت ا Asus TUF Dash F15 FX516PM i7 11370H-16GB-512 SSD-6GB  3060 Laptop,لپ تاپ ایسوس مدل TUF Dash F15 FX516PM گرافیک 6 گیگابایت ا Asus TUF Dash F15 FX516PM i7 11370H-16GB-512 SSD-6GB  3060 Laptop از ۴۰٫۸۵۰٫۰۰۰ توماندر ۱۲ فروشگاه    
5,لپ تاپ ایسوس مدل TUF Dash F15 FX516PM گرافیک 6 گیگابایت ا Asus TUF Dash F15 FX516PM i7 11370H-16GB-512 SSD-6GB  3060 Laptop,
6,لپ تاپ 15 اینچ ایسوس X543MA ا Asus X543MA | 15 inch | Celeron | 4GB | 1TB,لپ تاپ 15 اینچ ایسوس X543MA ا Asus X543MA | 15 inch | Celeron | 4GB | 1TB از ۸٫۴۴۵٫۰۰۰ توماندر ۳۲ فروشگاه    
7,لپ تاپ 15 اینچ ایسوس X543MA ا Asus X543MA | 15 inch | Celeron | 4GB | 1TB,لپ تاپ 15 اینچ ایسوس X543MA ا Asus X543MA | 15 inch | Celeron | 4GB | 1TB از ۸٫۴۴۵٫۰۰۰ توماندر ۳۲ فروشگاه    
8,لپ تاپ 15 اینچ ایسوس X543MA ا Asus X543MA | 15 inch | Celeron | 4GB | 1TB,
9,لپ تاپ ایسوس VivoBook S533EQ i7 1165G7/16GB/1TB SSD/2G MX350 ا ASUS VivoBook S533EQ i7 1165G7/16GB/1TB SSD/2G MX350 FHD Touch Laptop,لپ تاپ ایسوس VivoBook S533EQ i7 1165G7/16GB/1TB SSD/2G MX350 ا ASUS VivoBook S533EQ i7 1165G7/16GB/1TB SSD/2G MX350 FHD Touch Laptop۴% در هدفاز ۳۲٫۰۰۰٫۰۰۰ توماندر ۲۵ فروشگاه    
10,لپ تاپ ایسوس VivoBook S533EQ i7 1165G7/16GB/1TB SSD/2G MX350 ا ASUS VivoBook S533EQ i7 1165G7/16GB/1TB SSD/2G MX350 FHD Touch Laptop,لپ تاپ ایسوس VivoBook S533EQ i7 1165G7/16GB/1TB SSD/2G MX350 ا ASUS VivoBook S533EQ i7 1165G7/16GB/1TB SSD/2G MX350 FHD Touch Laptop۴% در هدفاز ۳۲٫۰۰۰٫۰۰۰ توماندر ۲۵ فروشگاه    
11,لپ تاپ ایسوس VivoBook S533EQ i7 1165G7/16GB/1TB SSD/2G MX350 ا ASUS VivoBook S533EQ i7 1165G7/16GB/1TB SSD/2G MX350 FHD Touch Laptop,
12,لپ تاپ ایسوس | G512LI | i7 - 8GB - 512GB SSD - 1650TI 4GB ا ASUS G512LI i7 8GB 512GB SSD 1650TI 4GB laptop,لپ تاپ ایسوس | G512LI | i7 - 8GB - 512GB SSD - 1650TI 4GB ا ASUS G512LI i7 8GB 512GB SSD 1650TI 4GB laptop۶% در پردیس رایانهاز ۳۱٫۴۹۰٫۰۰۰ توماندر ۱۶ فروشگاه    
13,لپ تاپ ایسوس | G512LI | i7 - 8GB - 512GB SSD - 1650TI 4GB ا ASUS G512LI i7 8GB 512GB SSD 1650TI 4GB laptop,لپ تاپ ایسوس | G512LI | i7 - 8GB - 512GB SSD - 1650TI 4GB ا ASUS G512LI i7 8GB 512GB SSD 1650TI 4GB laptop۶% در پردیس رایانهاز ۳۱٫۴۹۰٫۰۰۰ توماندر ۱۶ فروشگاه    
14,لپ تاپ ایسوس | G512LI | i7 - 8GB - 512GB SSD - 1650TI 4GB ا ASUS G512LI i7 8GB 512GB SSD 1650TI 4GB laptop,
15,مک بوک پرو  8GB RAM | 256GB SSD | M1 | MYD82 ا MacBook Pro MYD82,مک بوک پرو  8GB RAM | 256GB SSD | M1 | MYD82 ا MacBook Pro MYD82 از ۳۵٫۹۰۰٫۰۰۰ توماندر ۳۰ فروشگاه    
16,مک بوک پرو  8GB RAM | 256GB SSD | M1 | MYD82 ا MacBook Pro MYD82,مک بوک پرو  8GB RAM | 256GB SSD | M1 | MYD82 ا MacBook Pro MYD82 از ۳۵٫۹۰۰٫۰۰۰ توماندر ۳۰ فروشگاه    
17,مک بوک پرو  8GB RAM | 256GB SSD | M1 | MYD82 ا MacBook Pro MYD82,
18,لپ تاپ لنوو  8G RAM | 512GB SSD | 2GB VGA | i5 | IdeaPad 5 ا Lenovo IdeaPad 5 ,لپ تاپ لنوو  8G RAM | 512GB SSD | 2GB VGA | i5 | IdeaPad 5 ا Lenovo IdeaPad 5  از ۲۱٫۵۹۰٫۰۰۰ توماندر ۷ فروشگاه    
19,لپ تاپ لنوو  8G RAM | 512GB SSD | 2GB VGA | i5 | IdeaPad 5 ا Lenovo IdeaPad 5 ,لپ تاپ لنوو  8G RAM | 512GB SSD | 2GB VGA | i5 | IdeaPad 5 ا Lenovo IdeaPad 5  از ۲۱٫۵۹۰٫۰۰۰ توماندر ۷ فروشگاه    
20,لپ تاپ لنوو  8G RAM | 512GB SSD | 2GB VGA | i5 | IdeaPad 5 ا Lenovo IdeaPad 5 ,
21,Asus ROG Zephyrus GU502LU I7 (10750H) - 16GB - 512GB - 6GB(GTX 1660 Ti) laptop ا لپ تاپ ایسوس راگ زفیروس مدل Asus ROG Zephyrus GU502LU I7 (10750) - 16GB - 512GB - 6GB(GTX 1660 Ti) laptop,Asus ROG Zephyrus GU502LU I7 (10750H) - 16GB - 512GB - 6GB(GTX 1660 Ti) laptop ا لپ تاپ ایسوس راگ زفیروس مدل Asus ROG Zephyrus GU502LU I7 (10750) - 16GB - 512GB - 6GB(GTX 1660 Ti) laptop از ۳۷٫۴۶۹٫۰۰۰ توماندر ۵ فروشگاه    
22,Asus ROG Zephyrus GU502LU I7 (10750H) - 16GB - 512GB - 6GB(GTX 1660 Ti) laptop ا لپ تاپ ایسوس راگ زفیروس مدل Asus ROG Zephyrus GU502LU I7 (10750) - 16GB - 512GB - 6GB(GTX 1660 Ti) laptop,Asus ROG Zephyrus GU502LU I7 (10750H) - 16GB - 512GB - 6GB(GTX 1660 Ti) laptop ا لپ تاپ ایسوس راگ زفیروس مدل Asus ROG Zephyrus GU502LU I7 (10750) - 16GB - 512GB - 6GB(GTX 1660 Ti) laptop از ۳۷٫۴۶۹٫۰۰۰ توماندر ۵ فروشگاه    
23,Asus ROG Zephyrus GU502LU I7 (10750H) - 16GB - 512GB - 6GB(GTX 1660 Ti) laptop ا لپ تاپ ایسوس راگ زفیروس مدل Asus ROG Zephyrus GU502LU I7 (10750) - 16GB - 512GB - 6GB(GTX 1660 Ti) laptop,
24,لپ تاپ 14 اینچ ایسوس ZenBook 14 UX425EA-B ا (Asus i3 (1115G4)-8GB-512GB(SSD)-VGA(INT)),لپ تاپ 14 اینچ ایسوس ZenBook 14 UX425EA-B ا (Asus i3 (1115G4)-8GB-512GB(SSD)-VGA(INT))۵۶% در مشهد کالااز ۲۱٫۷۹۸٫۰۰۰ توماندر ۱۰ فروشگاه    
25,لپ تاپ 14 اینچ ایسوس ZenBook 14 UX425EA-B ا (Asus i3 (1115G4)-8GB-512GB(SSD)-VGA(INT)),لپ تاپ 14 اینچ ایسوس ZenBook 14 UX425EA-B ا (Asus i3 (1115G4)-8GB-512GB(SSD)-VGA(INT))۵۶% در مشهد کالااز ۲۱٫۷۹۸٫۰۰۰ توماندر ۱۰ فروشگاه    
26,لپ تاپ 14 اینچ ایسوس ZenBook 14 UX425EA-B ا (Asus i3 (1115G4)-8GB-512GB(SSD)-VGA(INT)),
27,لپ تاپ 15 اینچی ایسوس مدل ASUS ROG Zephyrus GU502LW,لپ تاپ 15 اینچی ایسوس مدل ASUS ROG Zephyrus GU502LW۱% در کامپیوتر مفیداز ۴۱٫۱۵۰٫۰۰۰ توماندر ۸ فروشگاه    
28,لپ تاپ 15 اینچی ایسوس مدل ASUS ROG Zephyrus GU502LW,لپ تاپ 15 اینچی ایسوس مدل ASUS ROG Zephyrus GU502LW۱% در کامپیوتر مفیداز ۴۱٫۱۵۰٫۰۰۰ توماندر ۸ فروشگاه    
29,لپ تاپ 15 اینچی ایسوس مدل ASUS ROG Zephyrus GU502LW,
30,لپ تاپ  لنوو  16GB RAM | 1+256GB SSD | 4GB VGA | i7 | 15IMH05 ا Lenovo IdeaPad Gaming 3 15IMH05 ,لپ تاپ  لنوو  16GB RAM | 1+256GB SSD | 4GB VGA | i7 | 15IMH05 ا Lenovo IdeaPad Gaming 3 15IMH05  از ۳۱٫۴۸۸٫۰۰۰ توماندر ۱۹ فروشگاه    
31,لپ تاپ  لنوو  16GB RAM | 1+256GB SSD | 4GB VGA | i7 | 15IMH05 ا Lenovo IdeaPad Gaming 3 15IMH05 ,لپ تاپ  لنوو  16GB RAM | 1+256GB SSD | 4GB VGA | i7 | 15IMH05 ا Lenovo IdeaPad Gaming 3 15IMH05  از ۳۱٫۴۸۸٫۰۰۰ توماندر ۱۹ فروشگاه    
32,لپ تاپ  لنوو  16GB RAM | 1+256GB SSD | 4GB VGA | i7 | 15IMH05 ا Lenovo IdeaPad Gaming 3 15IMH05 ,
33,لپ تاپ لنوو  12GB RAM | 1TB | 2GB VGA | i5 | IdeaPad L3 ا Lenovo IdeaPad L3 ,لپ تاپ لنوو  12GB RAM | 1TB | 2GB VGA | i5 | IdeaPad L3 ا Lenovo IdeaPad L3  از ۱۸٫۴۵۰٫۰۰۰ توماندر ۹ فروشگاه    
34,لپ تاپ لنوو  12GB RAM | 1TB | 2GB VGA | i5 | IdeaPad L3 ا Lenovo IdeaPad L3 ,لپ تاپ لنوو  12GB RAM | 1TB | 2GB VGA | i5 | IdeaPad L3 ا Lenovo IdeaPad L3  از ۱۸٫۴۵۰٫۰۰۰ توماندر ۹ فروشگاه    
35,لپ تاپ لنوو  12GB RAM | 1TB | 2GB VGA | i5 | IdeaPad L3 ا Lenovo IdeaPad L3 ,
36,i7(1165G7) 16GB 1TBSSD Intel Asus ZenBook 13 UX325EA ا لپ تاپ ایسوس زنبوک  UX325EA i7,i7(1165G7) 16GB 1TBSSD Intel Asus ZenBook 13 UX325EA ا لپ تاپ ایسوس زنبوک  UX325EA i7 از ۲۷٫۷۵۰٫۰۰۰ توماندر ۲۴ فروشگاه    
37,i7(1165G7) 16GB 1TBSSD Intel Asus ZenBook 13 UX325EA ا لپ تاپ ایسوس زنبوک  UX325EA i7,i7(1165G7) 16GB 1TBSSD Intel Asus ZenBook 13 UX325EA ا لپ تاپ ایسوس زنبوک  UX325EA i7 از ۲۷٫۷۵۰٫۰۰۰ توماندر ۲۴ فروشگاه    
38,i7(1165G7) 16GB 1TBSSD Intel Asus ZenBook 13 UX325EA ا لپ تاپ ایسوس زنبوک  UX325EA i7,
39,لپ تاپ ایسوس مدل ASUS E410MA N4020 4GB 128GB Intel,لپ تاپ ایسوس مدل ASUS E410MA N4020 4GB 128GB Intel از ۸٫۲۶۰٫۰۰۰ توماندر ۹ فروشگاه    
40,لپ تاپ ایسوس مدل ASUS E410MA N4020 4GB 128GB Intel,لپ تاپ ایسوس مدل ASUS E410MA N4020 4GB 128GB Intel از ۸٫۲۶۰٫۰۰۰ توماندر ۹ فروشگاه    
41,لپ تاپ ایسوس مدل ASUS E410MA N4020 4GB 128GB Intel,
42,لپ تاپ لنوو  8GB RAM | 1TB | Celeron | Ideapad 330 ا Lenovo Ideapad 330,لپ تاپ لنوو  8GB RAM | 1TB | Celeron | Ideapad 330 ا Lenovo Ideapad 330 از ۹٫۵۵۰٫۰۰۰ توماندر ۳ فروشگاه    
43,لپ تاپ لنوو  8GB RAM | 1TB | Celeron | Ideapad 330 ا Lenovo Ideapad 330,لپ تاپ لنوو  8GB RAM | 1TB | Celeron | Ideapad 330 ا Lenovo Ideapad 330 از ۹٫۵۵۰٫۰۰۰ توماندر ۳ فروشگاه    
44,لپ تاپ لنوو  8GB RAM | 1TB | Celeron | Ideapad 330 ا Lenovo Ideapad 330,
45,لپ تاپ لنوو IdeaPad 5-AA ا Lenovo i7 1165G7-16GB-1TB+256SSD-2GB MX450-B-F,لپ تاپ لنوو IdeaPad 5-AA ا Lenovo i7 1165G7-16GB-1TB+256SSD-2GB MX450-B-F از ۲۷٫۴۵۰٫۰۰۰ توماندر ۱۹ فروشگاه    
46,لپ تاپ لنوو IdeaPad 5-AA ا Lenovo i7 1165G7-16GB-1TB+256SSD-2GB MX450-B-F,لپ تاپ لنوو IdeaPad 5-AA ا Lenovo i7 1165G7-16GB-1TB+256SSD-2GB MX450-B-F از ۲۷٫۴۵۰٫۰۰۰ توماندر ۱۹ فروشگاه    
47,لپ تاپ لنوو IdeaPad 5-AA ا Lenovo i7 1165G7-16GB-1TB+256SSD-2GB MX450-B-F,
48,ASUS ROG Strix G15 G512LI Core i7 10750H 16GB 1TB ssd GTX1650TI 4GB ا ASUS ROG Strix G15 G512LI Core i7,ASUS ROG Strix G15 G512LI Core i7 10750H 16GB 1TB ssd GTX1650TI 4GB ا ASUS ROG Strix G15 G512LI Core i7 از ۳۶٫۶۰۰٫۰۰۰ توماندر ۱۳ فروشگاه    
49,ASUS ROG Strix G15 G512LI Core i7 10750H 16GB 1TB ssd GTX1650TI 4GB ا ASUS ROG Strix G15 G512LI Core i7,ASUS ROG Strix G15 G512LI Core i7 10750H 16GB 1TB ssd GTX1650TI 4GB ا ASUS ROG Strix G15 G512LI Core i7 از ۳۶٫۶۰۰٫۰۰۰ توماندر ۱۳ فروشگاه    
50,ASUS ROG Strix G15 G512LI Core i7 10750H 16GB 1TB ssd GTX1650TI 4GB ا ASUS ROG Strix G15 G512LI Core i7,
51,لپ تاپ ایسوس مدل VivoBook X543MA ا Asus VivoBook X543MA Celeron 4GB 500GB INTEL HD,لپ تاپ ایسوس مدل VivoBook X543MA ا Asus VivoBook X543MA Celeron 4GB 500GB INTEL HD ۸٫۰۵۰٫۰۰۰ توماندر سورنا آی تی    
52,لپ تاپ ایسوس مدل VivoBook X543MA ا Asus VivoBook X543MA Celeron 4GB 500GB INTEL HD,لپ تاپ ایسوس مدل VivoBook X543MA ا Asus VivoBook X543MA Celeron 4GB 500GB INTEL HD ۸٫۰۵۰٫۰۰۰ توماندر سورنا آی تی    
53,لپ تاپ ایسوس مدل VivoBook X543MA ا Asus VivoBook X543MA Celeron 4GB 500GB INTEL HD,
54,مک بوک پرو 16GB RAM | 1TB SSD | 4GB VGA | i9 | MVVK2 ا  MacBook Pro MVVK2 ,مک بوک پرو 16GB RAM | 1TB SSD | 4GB VGA | i9 | MVVK2 ا  MacBook Pro MVVK2  از ۷۱٫۹۸۸٫۰۰۰ توماندر ۱۷ فروشگاه    
55,مک بوک پرو 16GB RAM | 1TB SSD | 4GB VGA | i9 | MVVK2 ا  MacBook Pro MVVK2 ,مک بوک پرو 16GB RAM | 1TB SSD | 4GB VGA | i9 | MVVK2 ا  MacBook Pro MVVK2  از ۷۱٫۹۸۸٫۰۰۰ توماندر ۱۷ فروشگاه    
56,مک بوک پرو 16GB RAM | 1TB SSD | 4GB VGA | i9 | MVVK2 ا  MacBook Pro MVVK2 ,
57,لپ تاپ لنوو  12GB RAM | 1TB | 2GB VGA | i3 | Ideapad L3  ا Lenovo Ideapad L3 ,لپ تاپ لنوو  12GB RAM | 1TB | 2GB VGA | i3 | Ideapad L3  ا Lenovo Ideapad L3  از ۱۳٫۵۹۰٫۰۰۰ توماندر ۹ فروشگاه    
58,لپ تاپ لنوو  12GB RAM | 1TB | 2GB VGA | i3 | Ideapad L3  ا Lenovo Ideapad L3 ,لپ تاپ لنوو  12GB RAM | 1TB | 2GB VGA | i3 | Ideapad L3  ا Lenovo Ideapad L3  از ۱۳٫۵۹۰٫۰۰۰ توماندر ۹ فروشگاه    
59,لپ تاپ لنوو  12GB RAM | 1TB | 2GB VGA | i3 | Ideapad L3  ا Lenovo Ideapad L3 ,
60,لپ تاپ لنوو 8GB RAM | 1TB | 2GB VGA | i5 | ideapad L3  ا Lenovo ideapad L3 ,لپ تاپ لنوو 8GB RAM | 1TB | 2GB VGA | i5 | ideapad L3  ا Lenovo ideapad L3 ۴% در استوک نیواز ۱۸٫۶۵۰٫۰۰۰ توماندر ۳۱ فروشگاه    
61,لپ تاپ لنوو 8GB RAM | 1TB | 2GB VGA | i5 | ideapad L3  ا Lenovo ideapad L3 ,لپ تاپ لنوو 8GB RAM | 1TB | 2GB VGA | i5 | ideapad L3  ا Lenovo ideapad L3 ۴% در استوک نیواز ۱۸٫۶۵۰٫۰۰۰ توماندر ۳۱ فروشگاه    
62,لپ تاپ لنوو 8GB RAM | 1TB | 2GB VGA | i5 | ideapad L3  ا Lenovo ideapad L3 ,
63,i7(11370H) 8GB 512SSD 4GB Asus TUF Dash F15 FX516PE ا لپ تاپ ایسوس FX516PE i7,i7(11370H) 8GB 512SSD 4GB Asus TUF Dash F15 FX516PE ا لپ تاپ ایسوس FX516PE i7۵% در تلکاماز ۳۴٫۷۵۰٫۰۰۰ توماندر ۸ فروشگاه    
64,i7(11370H) 8GB 512SSD 4GB Asus TUF Dash F15 FX516PE ا لپ تاپ ایسوس FX516PE i7,i7(11370H) 8GB 512SSD 4GB Asus TUF Dash F15 FX516PE ا لپ تاپ ایسوس FX516PE i7۵% در تلکاماز ۳۴٫۷۵۰٫۰۰۰ توماندر ۸ فروشگاه    
65,i7(11370H) 8GB 512SSD 4GB Asus TUF Dash F15 FX516PE ا لپ تاپ ایسوس FX516PE i7,
66,لپ تاپ اپل 8GB RAM | 512GB SSD | M1 | MYD92 ا Apple MYD92,لپ تاپ اپل 8GB RAM | 512GB SSD | M1 | MYD92 ا Apple MYD92 از ۴۰٫۱۹۰٫۰۰۰ توماندر ۳۲ فروشگاه    
67,لپ تاپ اپل 8GB RAM | 512GB SSD | M1 | MYD92 ا Apple MYD92,لپ تاپ اپل 8GB RAM | 512GB SSD | M1 | MYD92 ا Apple MYD92 از ۴۰٫۱۹۰٫۰۰۰ توماندر ۳۲ فروشگاه    
68,لپ تاپ اپل 8GB RAM | 512GB SSD | M1 | MYD92 ا Apple MYD92,
69,لپ تاپ اپل 8GB RAM | 512GB SSD | M1 | MGN73 ا Apple MGN73 ,لپ تاپ اپل 8GB RAM | 512GB SSD | M1 | MGN73 ا Apple MGN73  از ۳۲٫۹۰۰٫۰۰۰ توماندر ۲۵ فروشگاه    
70,لپ تاپ اپل 8GB RAM | 512GB SSD | M1 | MGN73 ا Apple MGN73 ,لپ تاپ اپل 8GB RAM | 512GB SSD | M1 | MGN73 ا Apple MGN73  از ۳۲٫۹۰۰٫۰۰۰ توماندر ۲۵ فروشگاه    
71,لپ تاپ اپل 8GB RAM | 512GB SSD | M1 | MGN73 ا Apple MGN73 ,
72,Lenovo IdeaPad 3 i7 10510U 8GB 1TB MX330 2GB ا لپ تاپ لنوو مدل Ideapad 3 با پردازنده i7,Lenovo IdeaPad 3 i7 10510U 8GB 1TB MX330 2GB ا لپ تاپ لنوو مدل Ideapad 3 با پردازنده i7 از ۲۱٫۲۰۰٫۰۰۰ توماندر ۸ فروشگاه    
73,Lenovo IdeaPad 3 i7 10510U 8GB 1TB MX330 2GB ا لپ تاپ لنوو مدل Ideapad 3 با پردازنده i7,Lenovo IdeaPad 3 i7 10510U 8GB 1TB MX330 2GB ا لپ تاپ لنوو مدل Ideapad 3 با پردازنده i7 از ۲۱٫۲۰۰٫۰۰۰ توماندر ۸ فروشگاه    
74,Lenovo IdeaPad 3 i7 10510U 8GB 1TB MX330 2GB ا لپ تاپ لنوو مدل Ideapad 3 با پردازنده i7,
75,لپ تاپ لنوو  8GB RAM | 1TB | 2GB VGA | i7 | ideapad L3 ا Lenovo ideapad L3,لپ تاپ لنوو  8GB RAM | 1TB | 2GB VGA | i7 | ideapad L3 ا Lenovo ideapad L3 از ۲۱٫۷۵۰٫۰۰۰ توماندر ۱۵ فروشگاه    
76,لپ تاپ لنوو  8GB RAM | 1TB | 2GB VGA | i7 | ideapad L3 ا Lenovo ideapad L3,لپ تاپ لنوو  8GB RAM | 1TB | 2GB VGA | i7 | ideapad L3 ا Lenovo ideapad L3 از ۲۱٫۷۵۰٫۰۰۰ توماندر ۱۵ فروشگاه    
77,لپ تاپ لنوو  8GB RAM | 1TB | 2GB VGA | i7 | ideapad L3 ا Lenovo ideapad L3,
78,لپ تاپ ایسوس مدل Zenbook Q407IQ,لپ تاپ ایسوس مدل Zenbook Q407IQ ۲۲٫۵۷۵٫۰۰۰ توماندر شوبین    
79,لپ تاپ ایسوس مدل Zenbook Q407IQ,لپ تاپ ایسوس مدل Zenbook Q407IQ ۲۲٫۵۷۵٫۰۰۰ توماندر شوبین    
80,لپ تاپ ایسوس مدل Zenbook Q407IQ,
81,لپ تاپ گیمینگ اچ پی HP Pavilion Gaming 15 AMD Ryzen 5 ا دسته بندی:,لپ تاپ گیمینگ اچ پی HP Pavilion Gaming 15 AMD Ryzen 5 ا دسته بندی:۱% در دانا لپ تاپ۲۱٫۵۰۰٫۰۰۰ توماندر دانا لپ تاپ    
82,لپ تاپ گیمینگ اچ پی HP Pavilion Gaming 15 AMD Ryzen 5 ا دسته بندی:,لپ تاپ گیمینگ اچ پی HP Pavilion Gaming 15 AMD Ryzen 5 ا دسته بندی:۱% در دانا لپ تاپ۲۱٫۵۰۰٫۰۰۰ توماندر دانا لپ تاپ    
83,لپ تاپ گیمینگ اچ پی HP Pavilion Gaming 15 AMD Ryzen 5 ا دسته بندی:,
84,لپ تاپ 15 اینچی ایسوس مدل Asus ROG Strix G15 G513QC-HN021,لپ تاپ 15 اینچی ایسوس مدل Asus ROG Strix G15 G513QC-HN021 ۴۷٫۹۹۰٫۰۰۰ توماندر یوتافون    
85,لپ تاپ 15 اینچی ایسوس مدل Asus ROG Strix G15 G513QC-HN021,لپ تاپ 15 اینچی ایسوس مدل Asus ROG Strix G15 G513QC-HN021 ۴۷٫۹۹۰٫۰۰۰ توماندر یوتافون    
86,لپ تاپ 15 اینچی ایسوس مدل Asus ROG Strix G15 G513QC-HN021,
87,لپ‌ تاپ گیمینگ لنوو Lenovo IdeaPad Gaming 3 15ARH05 82EY002BUS,لپ‌ تاپ گیمینگ لنوو Lenovo IdeaPad Gaming 3 15ARH05 82EY002BUS۱% در دکمه ها۲۳٫۶۷۰٫۰۰۰ توماندر دکمه ها    
88,لپ‌ تاپ گیمینگ لنوو Lenovo IdeaPad Gaming 3 15ARH05 82EY002BUS,لپ‌ تاپ گیمینگ لنوو Lenovo IdeaPad Gaming 3 15ARH05 82EY002BUS۱% در دکمه ها۲۳٫۶۷۰٫۰۰۰ توماندر دکمه ها    
89,لپ‌ تاپ گیمینگ لنوو Lenovo IdeaPad Gaming 3 15ARH05 82EY002BUS,
90,لپ تاپ ایسوس مدل ASUS TUF FX506LI i5-10300H 8GB 512GB-SSD 4GB,لپ تاپ ایسوس مدل ASUS TUF FX506LI i5-10300H 8GB 512GB-SSD 4GB از ۲۷٫۰۰۰٫۰۰۰ توماندر ۶ فروشگاه    
91,لپ تاپ ایسوس مدل ASUS TUF FX506LI i5-10300H 8GB 512GB-SSD 4GB,لپ تاپ ایسوس مدل ASUS TUF FX506LI i5-10300H 8GB 512GB-SSD 4GB از ۲۷٫۰۰۰٫۰۰۰ توماندر ۶ فروشگاه    
92,لپ تاپ ایسوس مدل ASUS TUF FX506LI i5-10300H 8GB 512GB-SSD 4GB,
93,لپ تاپ 11 اینچی ایسوس مدل VivoBook L203NA-DS04,لپ تاپ 11 اینچی ایسوس مدل VivoBook L203NA-DS04۱۷% در پردیس رایانه۶٫۹۹۰٫۰۰۰ توماندر پردیس رایانه    
94,لپ تاپ 11 اینچی ایسوس مدل VivoBook L203NA-DS04,لپ تاپ 11 اینچی ایسوس مدل VivoBook L203NA-DS04۱۷% در پردیس رایانه۶٫۹۹۰٫۰۰۰ توماندر پردیس رایانه    
95,لپ تاپ 11 اینچی ایسوس مدل VivoBook L203NA-DS04,
96,لپ تاپ ایسوس TUF Dash F15 FX516PR i7/16GB/1TB/8GB ا ASUS TUF Dash F15 FX516PR i7-11370H/16GB/1TB/8GB 3070 RTX Laptop,لپ تاپ ایسوس TUF Dash F15 FX516PR i7/16GB/1TB/8GB ا ASUS TUF Dash F15 FX516PR i7-11370H/16GB/1TB/8GB 3070 RTX Laptop۴% در شهر فافااز ۵۲٫۹۹۰٫۰۰۰ توماندر ۱۲ فروشگاه    
97,لپ تاپ ایسوس TUF Dash F15 FX516PR i7/16GB/1TB/8GB ا ASUS TUF Dash F15 FX516PR i7-11370H/16GB/1TB/8GB 3070 RTX Laptop,لپ تاپ ایسوس TUF Dash F15 FX516PR i7/16GB/1TB/8GB ا ASUS TUF Dash F15 FX516PR i7-11370H/16GB/1TB/8GB 3070 RTX Laptop۴% در شهر فافااز ۵۲٫۹۹۰٫۰۰۰ توماندر ۱۲ فروشگاه    
98,لپ تاپ ایسوس TUF Dash F15 FX516PR i7/16GB/1TB/8GB ا ASUS TUF Dash F15 FX516PR i7-11370H/16GB/1TB/8GB 3070 RTX Laptop,
99,لپ تاپ مایکروسافت 8GB RAM | 256GB SSD | i5 | surface pro 4 ا Laptop surface pro 4,لپ تاپ مایکروسافت 8GB RAM | 256GB SSD | i5 | surface pro 4 ا Laptop surface pro 4 ۱۲٫۹۰۰٫۰۰۰ توماندر ژینال    
100,لپ تاپ مایکروسافت 8GB RAM | 256GB SSD | i5 | surface pro 4 ا Laptop surface pro 4,لپ تاپ مایکروسافت 8GB RAM | 256GB SSD | i5 | surface pro 4 ا Laptop surface pro 4 ۱۲٫۹۰۰٫۰۰۰ توماندر ژینال    
101,لپ تاپ مایکروسافت 8GB RAM | 256GB SSD | i5 | surface pro 4 ا Laptop surface pro 4,
102,لپ تاپ گیمینگ ایسوس ASUS TUF F15 FX506HM i7 11800H RTX3060,لپ تاپ گیمینگ ایسوس ASUS TUF F15 FX506HM i7 11800H RTX3060۱% در پی بی 360۴۴٫۸۵۰٫۰۰۰ توماندر پی بی 360    
103,لپ تاپ گیمینگ ایسوس ASUS TUF F15 FX506HM i7 11800H RTX3060,لپ تاپ گیمینگ ایسوس ASUS TUF F15 FX506HM i7 11800H RTX3060۱% در پی بی 360۴۴٫۸۵۰٫۰۰۰ توماندر پی بی 360    
104,لپ تاپ گیمینگ ایسوس ASUS TUF F15 FX506HM i7 11800H RTX3060,
105,لپ تاپ اچ پی 16GB RAM | 512GB SSD | i7 | EliteBook X360 ا HP EliteBook X360,لپ تاپ اچ پی 16GB RAM | 512GB SSD | i7 | EliteBook X360 ا HP EliteBook X360 ۱۶٫۷۰۰٫۰۰۰ توماندر ایران مارت    
106,لپ تاپ اچ پی 16GB RAM | 512GB SSD | i7 | EliteBook X360 ا HP EliteBook X360,لپ تاپ اچ پی 16GB RAM | 512GB SSD | i7 | EliteBook X360 ا HP EliteBook X360 ۱۶٫۷۰۰٫۰۰۰ توماندر ایران مارت    
107,لپ تاپ اچ پی 16GB RAM | 512GB SSD | i7 | EliteBook X360 ا HP EliteBook X360,
108,لپ تاپ گیمینگ 17.3 اینچ Asus مدل ROG STRIX GAMING G713QE,لپ تاپ گیمینگ 17.3 اینچ Asus مدل ROG STRIX GAMING G713QE از ۴۶٫۹۷۰٫۰۰۰ توماندر ۶ فروشگاه    
109,لپ تاپ گیمینگ 17.3 اینچ Asus مدل ROG STRIX GAMING G713QE,لپ تاپ گیمینگ 17.3 اینچ Asus مدل ROG STRIX GAMING G713QE از ۴۶٫۹۷۰٫۰۰۰ توماندر ۶ فروشگاه    
110,لپ تاپ گیمینگ 17.3 اینچ Asus مدل ROG STRIX GAMING G713QE,
111,لپ تاپ 15 اینچی ایسوس مدل VivoBook R521FB,لپ تاپ 15 اینچی ایسوس مدل VivoBook R521FB۳۱% در کالابرد۲۰٫۷۴۰٫۰۰۰ توماندر کالابرد    
112,لپ تاپ 15 اینچی ایسوس مدل VivoBook R521FB,لپ تاپ 15 اینچی ایسوس مدل VivoBook R521FB۳۱% در کالابرد۲۰٫۷۴۰٫۰۰۰ توماندر کالابرد    
113,لپ تاپ 15 اینچی ایسوس مدل VivoBook R521FB,
114,مک بوک ایر 8GB RAM | 512GB SSD | M1 | MGNE3 ا MacBook Air MGNE3,مک بوک ایر 8GB RAM | 512GB SSD | M1 | MGNE3 ا MacBook Air MGNE3 از ۳۲٫۵۰۰٫۰۰۰ توماندر ۲۶ فروشگاه    
115,مک بوک ایر 8GB RAM | 512GB SSD | M1 | MGNE3 ا MacBook Air MGNE3,مک بوک ایر 8GB RAM | 512GB SSD | M1 | MGNE3 ا MacBook Air MGNE3 از ۳۲٫۵۰۰٫۰۰۰ توماندر ۲۶ فروشگاه    
116,مک بوک ایر 8GB RAM | 512GB SSD | M1 | MGNE3 ا MacBook Air MGNE3,
117,لپ‌تاپ 15.6 اینچی لنوو Legion 5 15ARH05-XUS R5-8-1-256-4,لپ‌تاپ 15.6 اینچی لنوو Legion 5 15ARH05-XUS R5-8-1-256-4 از ۲۶٫۹۹۹٫۰۰۰ توماندر ۲ فروشگاه    
118,لپ‌تاپ 15.6 اینچی لنوو Legion 5 15ARH05-XUS R5-8-1-256-4,لپ‌تاپ 15.6 اینچی لنوو Legion 5 15ARH05-XUS R5-8-1-256-4 از ۲۶٫۹۹۹٫۰۰۰ توماندر ۲ فروشگاه    
119,لپ‌تاپ 15.6 اینچی لنوو Legion 5 15ARH05-XUS R5-8-1-256-4,
120,لپ‌تاپ لنوو  4GB RAM | 1TB | 2GB VGA | i3 | Ideapad L3  ا  Ideapad L3,لپ‌تاپ لنوو  4GB RAM | 1TB | 2GB VGA | i3 | Ideapad L3  ا  Ideapad L3 از ۱۴٫۵۰۰٫۰۰۰ توماندر ۱۶ فروشگاه    
121,لپ‌تاپ لنوو  4GB RAM | 1TB | 2GB VGA | i3 | Ideapad L3  ا  Ideapad L3,لپ‌تاپ لنوو  4GB RAM | 1TB | 2GB VGA | i3 | Ideapad L3  ا  Ideapad L3 از ۱۴٫۵۰۰٫۰۰۰ توماندر ۱۶ فروشگاه    
122,لپ‌تاپ لنوو  4GB RAM | 1TB | 2GB VGA | i3 | Ideapad L3  ا  Ideapad L3,
123, مک بوک ایر 8GB RAM | 256GB SSD | M1 | MGND3  ا MacBook Air MGND3, مک بوک ایر 8GB RAM | 256GB SSD | M1 | MGND3  ا MacBook Air MGND3 از ۲۷٫۱۹۰٫۰۰۰ توماندر ۲۴ فروشگاه    
124, مک بوک ایر 8GB RAM | 256GB SSD | M1 | MGND3  ا MacBook Air MGND3, مک بوک ایر 8GB RAM | 256GB SSD | M1 | MGND3  ا MacBook Air MGND3 از ۲۷٫۱۹۰٫۰۰۰ توماندر ۲۴ فروشگاه    
125, مک بوک ایر 8GB RAM | 256GB SSD | M1 | MGND3  ا MacBook Air MGND3,
126,لپتاپ lenovo Thinkpad SL510,لپتاپ lenovo Thinkpad SL510 ۳٫۹۹۰٫۰۰۰ توماندر رایانو    
127,لپتاپ lenovo Thinkpad SL510,لپتاپ lenovo Thinkpad SL510 ۳٫۹۹۰٫۰۰۰ توماندر رایانو    
128,لپتاپ lenovo Thinkpad SL510,
129,لپ تاپ ایسوس مدل زنبوک 14 B - UM425IA ا Asus ZenBook 14 UM425IA R7 4700U 8GB 512GB AMD FHD Laptop,لپ تاپ ایسوس مدل زنبوک 14 B - UM425IA ا Asus ZenBook 14 UM425IA R7 4700U 8GB 512GB AMD FHD Laptop۴۷% در مشهد کالااز ۲۶٫۶۸۰٫۰۰۰ توماندر ۱۲ فروشگاه    
130,لپ تاپ ایسوس مدل زنبوک 14 B - UM425IA ا Asus ZenBook 14 UM425IA R7 4700U 8GB 512GB AMD FHD Laptop,لپ تاپ ایسوس مدل زنبوک 14 B - UM425IA ا Asus ZenBook 14 UM425IA R7 4700U 8GB 512GB AMD FHD Laptop۴۷% در مشهد کالااز ۲۶٫۶۸۰٫۰۰۰ توماندر ۱۲ فروشگاه    
131,لپ تاپ ایسوس مدل زنبوک 14 B - UM425IA ا Asus ZenBook 14 UM425IA R7 4700U 8GB 512GB AMD FHD Laptop,
132,لپ تاپ مایکروسافت  8GB RAM | 128GB SSD | i5 | Surface Go ا  Laptop Surface Go ,لپ تاپ مایکروسافت  8GB RAM | 128GB SSD | i5 | Surface Go ا  Laptop Surface Go  از ۱۹٫۳۸۹٫۰۰۰ توماندر ۵ فروشگاه    
133,لپ تاپ مایکروسافت  8GB RAM | 128GB SSD | i5 | Surface Go ا  Laptop Surface Go ,لپ تاپ مایکروسافت  8GB RAM | 128GB SSD | i5 | Surface Go ا  Laptop Surface Go  از ۱۹٫۳۸۹٫۰۰۰ توماندر ۵ فروشگاه    
134,لپ تاپ مایکروسافت  8GB RAM | 128GB SSD | i5 | Surface Go ا  Laptop Surface Go ,
135,لپ تاپ ایسوس 8GB RAM | 256GB SSD | 2GB VGA | RYZEN5 | Q407 ا ZenBook 14 Q407,لپ تاپ ایسوس 8GB RAM | 256GB SSD | 2GB VGA | RYZEN5 | Q407 ا ZenBook 14 Q407 از ۲۰٫۸۹۹٫۰۰۰ توماندر ۴ فروشگاه    
136,لپ تاپ ایسوس 8GB RAM | 256GB SSD | 2GB VGA | RYZEN5 | Q407 ا ZenBook 14 Q407,لپ تاپ ایسوس 8GB RAM | 256GB SSD | 2GB VGA | RYZEN5 | Q407 ا ZenBook 14 Q407 از ۲۰٫۸۹۹٫۰۰۰ توماندر ۴ فروشگاه    
137,لپ تاپ ایسوس 8GB RAM | 256GB SSD | 2GB VGA | RYZEN5 | Q407 ا ZenBook 14 Q407,
138,لپ تاپ ام اس آی  16GB RAM | 1+256GB SSD | 4GB VGA | i7 | GF63  ا Msi GF63 Thin 10SC,لپ تاپ ام اس آی  16GB RAM | 1+256GB SSD | 4GB VGA | i7 | GF63  ا Msi GF63 Thin 10SC از ۳۰٫۵۰۰٫۰۰۰ توماندر ۴ فروشگاه    
139,لپ تاپ ام اس آی  16GB RAM | 1+256GB SSD | 4GB VGA | i7 | GF63  ا Msi GF63 Thin 10SC,لپ تاپ ام اس آی  16GB RAM | 1+256GB SSD | 4GB VGA | i7 | GF63  ا Msi GF63 Thin 10SC از ۳۰٫۵۰۰٫۰۰۰ توماندر ۴ فروشگاه    
140,لپ تاپ ام اس آی  16GB RAM | 1+256GB SSD | 4GB VGA | i7 | GF63  ا Msi GF63 Thin 10SC,
141,مینی لپتاپ ASUS,مینی لپتاپ ASUS ۲٫۵۰۰٫۰۰۰ توماندر امید رایانه    
142,مینی لپتاپ ASUS,مینی لپتاپ ASUS ۲٫۵۰۰٫۰۰۰ توماندر امید رایانه    
143,مینی لپتاپ ASUS,
144,i3(10110U) 8GB 256GB SSD Intel Asus ExpertBook P2451FA ا لپ تاپ ایسوس اکسپرتبوک P2451FA i3,i3(10110U) 8GB 256GB SSD Intel Asus ExpertBook P2451FA ا لپ تاپ ایسوس اکسپرتبوک P2451FA i3 از ۱۳٫۶۰۰٫۰۰۰ توماندر ۵ فروشگاه    
145,i3(10110U) 8GB 256GB SSD Intel Asus ExpertBook P2451FA ا لپ تاپ ایسوس اکسپرتبوک P2451FA i3,i3(10110U) 8GB 256GB SSD Intel Asus ExpertBook P2451FA ا لپ تاپ ایسوس اکسپرتبوک P2451FA i3 از ۱۳٫۶۰۰٫۰۰۰ توماندر ۵ فروشگاه    
146,i3(10110U) 8GB 256GB SSD Intel Asus ExpertBook P2451FA ا لپ تاپ ایسوس اکسپرتبوک P2451FA i3,
147,لپ تاپ 14 اینچی ایسوس مدل Asus VivoBook X415JF - A ا Asus Core i5 1035G1 - 8GB - 1TB - 2GB MX130 - FULL HD,لپ تاپ 14 اینچی ایسوس مدل Asus VivoBook X415JF - A ا Asus Core i5 1035G1 - 8GB - 1TB - 2GB MX130 - FULL HD از ۱۹٫۰۰۰٫۰۰۰ توماندر ۸ فروشگاه    
148,لپ تاپ 14 اینچی ایسوس مدل Asus VivoBook X415JF - A ا Asus Core i5 1035G1 - 8GB - 1TB - 2GB MX130 - FULL HD,لپ تاپ 14 اینچی ایسوس مدل Asus VivoBook X415JF - A ا Asus Core i5 1035G1 - 8GB - 1TB - 2GB MX130 - FULL HD از ۱۹٫۰۰۰٫۰۰۰ توماندر ۸ فروشگاه    
149,لپ تاپ 14 اینچی ایسوس مدل Asus VivoBook X415JF - A ا Asus Core i5 1035G1 - 8GB - 1TB - 2GB MX130 - FULL HD,
150,لپ تاپ گیمینگ ایسوس مدل TUF F15 FX506L-HHN080T,لپ تاپ گیمینگ ایسوس مدل TUF F15 FX506L-HHN080T ۲۸٫۲۰۰٫۰۰۰ توماندر هایسیستم    
151,لپ تاپ گیمینگ ایسوس مدل TUF F15 FX506L-HHN080T,لپ تاپ گیمینگ ایسوس مدل TUF F15 FX506L-HHN080T ۲۸٫۲۰۰٫۰۰۰ توماندر هایسیستم    
152,لپ تاپ گیمینگ ایسوس مدل TUF F15 FX506L-HHN080T,
153,لپ تاپ گیمینگ ایسوس مدل ASUS Hard Rock RedolBook,لپ تاپ گیمینگ ایسوس مدل ASUS Hard Rock RedolBook ۲۳٫۰۰۰٫۰۰۰ توماندر هایسیستم    
154,لپ تاپ گیمینگ ایسوس مدل ASUS Hard Rock RedolBook,لپ تاپ گیمینگ ایسوس مدل ASUS Hard Rock RedolBook ۲۳٫۰۰۰٫۰۰۰ توماندر هایسیستم    
155,لپ تاپ گیمینگ ایسوس مدل ASUS Hard Rock RedolBook,
156,لپ تاپ 15 اینچی ایسوس مدل TUF FX506HE-A ا ASUS TUF FX506HE,لپ تاپ 15 اینچی ایسوس مدل TUF FX506HE-A ا ASUS TUF FX506HE از ۳۷٫۰۰۰٫۰۰۰ توماندر ۳ فروشگاه    
157,لپ تاپ 15 اینچی ایسوس مدل TUF FX506HE-A ا ASUS TUF FX506HE,لپ تاپ 15 اینچی ایسوس مدل TUF FX506HE-A ا ASUS TUF FX506HE از ۳۷٫۰۰۰٫۰۰۰ توماندر ۳ فروشگاه    
158,لپ تاپ 15 اینچی ایسوس مدل TUF FX506HE-A ا ASUS TUF FX506HE,
159,لپ تاپ اچ پی HP Pavilion gaming 15-ec0106AXIN ا لپ تاپ اچ پی HP Pavilion gaiming 15-ec0106AXIN,لپ تاپ اچ پی HP Pavilion gaming 15-ec0106AXIN ا لپ تاپ اچ پی HP Pavilion gaiming 15-ec0106AXIN ۲۰٫۰۰۰٫۰۰۰ توماندر آمازون پی سی    
160,لپ تاپ اچ پی HP Pavilion gaming 15-ec0106AXIN ا لپ تاپ اچ پی HP Pavilion gaiming 15-ec0106AXIN,لپ تاپ اچ پی HP Pavilion gaming 15-ec0106AXIN ا لپ تاپ اچ پی HP Pavilion gaiming 15-ec0106AXIN ۲۰٫۰۰۰٫۰۰۰ توماندر آمازون پی سی    
161,لپ تاپ اچ پی HP Pavilion gaming 15-ec0106AXIN ا لپ تاپ اچ پی HP Pavilion gaiming 15-ec0106AXIN,
162,لپ تاپ دل مدل Dell Precision E5510- i7 16G 512GSSD 2G,لپ تاپ دل مدل Dell Precision E5510- i7 16G 512GSSD 2G ۱۸٫۰۰۰٫۰۰۰ توماندر ایران مارت    
163,لپ تاپ دل مدل Dell Precision E5510- i7 16G 512GSSD 2G,لپ تاپ دل مدل Dell Precision E5510- i7 16G 512GSSD 2G ۱۸٫۰۰۰٫۰۰۰ توماندر ایران مارت    
164,لپ تاپ دل مدل Dell Precision E5510- i7 16G 512GSSD 2G,
165,مک بوک ایر 8GB RAM | 256GB SSD | M1 | MGN93  ا MacBook Air MGN93,مک بوک ایر 8GB RAM | 256GB SSD | M1 | MGN93  ا MacBook Air MGN93 از ۲۷٫۴۵۰٫۰۰۰ توماندر ۲۰ فروشگاه    
166,مک بوک ایر 8GB RAM | 256GB SSD | M1 | MGN93  ا MacBook Air MGN93,مک بوک ایر 8GB RAM | 256GB SSD | M1 | MGN93  ا MacBook Air MGN93 از ۲۷٫۴۵۰٫۰۰۰ توماندر ۲۰ فروشگاه    
167,مک بوک ایر 8GB RAM | 256GB SSD | M1 | MGN93  ا MacBook Air MGN93,
168,"لپ تاپ 14 اینچی ایسوس مدل Asus Zephyrus GA401QH-BM019 ا Asus GA401QH-BM019: AMD R7-5800HS, 512GB, 8GB,VGA GTX 1650 4GB","لپ تاپ 14 اینچی ایسوس مدل Asus Zephyrus GA401QH-BM019 ا Asus GA401QH-BM019: AMD R7-5800HS, 512GB, 8GB,VGA GTX 1650 4GB۶% در پردیس رایانه۲۹٫۹۹۰٫۰۰۰ توماندر پردیس رایانه    "
169,"لپ تاپ 14 اینچی ایسوس مدل Asus Zephyrus GA401QH-BM019 ا Asus GA401QH-BM019: AMD R7-5800HS, 512GB, 8GB,VGA GTX 1650 4GB","لپ تاپ 14 اینچی ایسوس مدل Asus Zephyrus GA401QH-BM019 ا Asus GA401QH-BM019: AMD R7-5800HS, 512GB, 8GB,VGA GTX 1650 4GB۶% در پردیس رایانه۲۹٫۹۹۰٫۰۰۰ توماندر پردیس رایانه    "
170,"لپ تاپ 14 اینچی ایسوس مدل Asus Zephyrus GA401QH-BM019 ا Asus GA401QH-BM019: AMD R7-5800HS, 512GB, 8GB,VGA GTX 1650 4GB",
171,لپ تاپ دل 4GB RAM | 320GB HDD | i3 | XT3,لپ تاپ دل 4GB RAM | 320GB HDD | i3 | XT3۳۷% در آ اس پ۳٫۴۹۰٫۰۰۰ توماندر آ اس پ    
172,لپ تاپ دل 4GB RAM | 320GB HDD | i3 | XT3,لپ تاپ دل 4GB RAM | 320GB HDD | i3 | XT3۳۷% در آ اس پ۳٫۴۹۰٫۰۰۰ توماندر آ اس پ    
173,لپ تاپ دل 4GB RAM | 320GB HDD | i3 | XT3,
174,لپ تاپ ایسوس مدل ویووبوک R565JF - B ا Asus VivoBook R565JF i5 1035G1 8GB 1TB 2GB FHD Laptop,لپ تاپ ایسوس مدل ویووبوک R565JF - B ا Asus VivoBook R565JF i5 1035G1 8GB 1TB 2GB FHD Laptop از ۱۸٫۸۰۰٫۰۰۰ توماندر ۷ فروشگاه    
175,لپ تاپ ایسوس مدل ویووبوک R565JF - B ا Asus VivoBook R565JF i5 1035G1 8GB 1TB 2GB FHD Laptop,لپ تاپ ایسوس مدل ویووبوک R565JF - B ا Asus VivoBook R565JF i5 1035G1 8GB 1TB 2GB FHD Laptop از ۱۸٫۸۰۰٫۰۰۰ توماندر ۷ فروشگاه    
176,لپ تاپ ایسوس مدل ویووبوک R565JF - B ا Asus VivoBook R565JF i5 1035G1 8GB 1TB 2GB FHD Laptop,
177,لپ تاپ  لنوو  8GB RAM | 1TB | 512GB VGA | A6 | V145 ا Lenovo V145,لپ تاپ  لنوو  8GB RAM | 1TB | 512GB VGA | A6 | V145 ا Lenovo V145 از ۱۰٫۵۰۰٫۰۰۰ توماندر ۵ فروشگاه    
178,لپ تاپ  لنوو  8GB RAM | 1TB | 512GB VGA | A6 | V145 ا Lenovo V145,لپ تاپ  لنوو  8GB RAM | 1TB | 512GB VGA | A6 | V145 ا Lenovo V145 از ۱۰٫۵۰۰٫۰۰۰ توماندر ۵ فروشگاه    
179,لپ تاپ  لنوو  8GB RAM | 1TB | 512GB VGA | A6 | V145 ا Lenovo V145,
180,Laptop ASUS VivoBook R565JA i3(1005G1) 4G 1TB INTEL ا لپ تاپ ایسوس مدل Laptop ASUS VivoBook R565JA i3(1005G1) 4G 1TB INTEL,Laptop ASUS VivoBook R565JA i3(1005G1) 4G 1TB INTEL ا لپ تاپ ایسوس مدل Laptop ASUS VivoBook R565JA i3(1005G1) 4G 1TB INTEL از ۱۳٫۳۸۰٫۰۰۰ توماندر ۵ فروشگاه    
181,Laptop ASUS VivoBook R565JA i3(1005G1) 4G 1TB INTEL ا لپ تاپ ایسوس مدل Laptop ASUS VivoBook R565JA i3(1005G1) 4G 1TB INTEL,Laptop ASUS VivoBook R565JA i3(1005G1) 4G 1TB INTEL ا لپ تاپ ایسوس مدل Laptop ASUS VivoBook R565JA i3(1005G1) 4G 1TB INTEL از ۱۳٫۳۸۰٫۰۰۰ توماندر ۵ فروشگاه    
182,Laptop ASUS VivoBook R565JA i3(1005G1) 4G 1TB INTEL ا لپ تاپ ایسوس مدل Laptop ASUS VivoBook R565JA i3(1005G1) 4G 1TB INTEL,
183,Laptop MSI GT72 Core i7 16GB 1TB+128SSD 8GB,Laptop MSI GT72 Core i7 16GB 1TB+128SSD 8GB۱۴% در دکونزو۲۲٫۰۰۰٫۰۰۰ توماندر دکونزو    
184,Laptop MSI GT72 Core i7 16GB 1TB+128SSD 8GB,Laptop MSI GT72 Core i7 16GB 1TB+128SSD 8GB۱۴% در دکونزو۲۲٫۰۰۰٫۰۰۰ توماندر دکونزو    
185,Laptop MSI GT72 Core i7 16GB 1TB+128SSD 8GB,
186,لپتاپ ام اس آی مدل 16GB RAM | 1+128GB SSD | 4GB VGA | i7 | GF63  ا Msi GF63 THIN 9SC,لپتاپ ام اس آی مدل 16GB RAM | 1+128GB SSD | 4GB VGA | i7 | GF63  ا Msi GF63 THIN 9SC از ۳۱٫۴۰۰٫۰۰۰ توماندر ۳ فروشگاه    
187,لپتاپ ام اس آی مدل 16GB RAM | 1+128GB SSD | 4GB VGA | i7 | GF63  ا Msi GF63 THIN 9SC,لپتاپ ام اس آی مدل 16GB RAM | 1+128GB SSD | 4GB VGA | i7 | GF63  ا Msi GF63 THIN 9SC از ۳۱٫۴۰۰٫۰۰۰ توماندر ۳ فروشگاه    
188,لپتاپ ام اس آی مدل 16GB RAM | 1+128GB SSD | 4GB VGA | i7 | GF63  ا Msi GF63 THIN 9SC,
189,لپ تاپ مایکروسافت سرفیس پرو 5,لپ تاپ مایکروسافت سرفیس پرو 5 از ۱۵٫۰۰۰٫۰۰۰ توماندر ۲ فروشگاه    
190,لپ تاپ مایکروسافت سرفیس پرو 5,لپ تاپ مایکروسافت سرفیس پرو 5 از ۱۵٫۰۰۰٫۰۰۰ توماندر ۲ فروشگاه    
191,لپ تاپ مایکروسافت سرفیس پرو 5,
192,لپ تاپ لنوو  4GB RAM | 1TB | Celeron | IdeaPad 330 ا Lenovo IdeaPad 330 ,لپ تاپ لنوو  4GB RAM | 1TB | Celeron | IdeaPad 330 ا Lenovo IdeaPad 330  از ۸٫۹۰۰٫۰۰۰ توماندر ۱۵ فروشگاه    
193,لپ تاپ لنوو  4GB RAM | 1TB | Celeron | IdeaPad 330 ا Lenovo IdeaPad 330 ,لپ تاپ لنوو  4GB RAM | 1TB | Celeron | IdeaPad 330 ا Lenovo IdeaPad 330  از ۸٫۹۰۰٫۰۰۰ توماندر ۱۵ فروشگاه    
194,لپ تاپ لنوو  4GB RAM | 1TB | Celeron | IdeaPad 330 ا Lenovo IdeaPad 330 ,
195,لپ تاپ ایسوس Asus VivoBook R565MA N5030-4GB-1TB-INTEL-HD ا Asus VivoBook R565MA Laptop,لپ تاپ ایسوس Asus VivoBook R565MA N5030-4GB-1TB-INTEL-HD ا Asus VivoBook R565MA Laptop از ۱۱٫۲۰۰٫۰۰۰ توماندر ۱۱ فروشگاه    
196,لپ تاپ ایسوس Asus VivoBook R565MA N5030-4GB-1TB-INTEL-HD ا Asus VivoBook R565MA Laptop,لپ تاپ ایسوس Asus VivoBook R565MA N5030-4GB-1TB-INTEL-HD ا Asus VivoBook R565MA Laptop از ۱۱٫۲۰۰٫۰۰۰ توماندر ۱۱ فروشگاه    
197,لپ تاپ ایسوس Asus VivoBook R565MA N5030-4GB-1TB-INTEL-HD ا Asus VivoBook R565MA Laptop,
198,لپ تاپ لنوو 15.6 اینچ IdeaPad 3-I ا (Lenovo i7 1165G7-8GB-1TB-2GB MX450),لپ تاپ لنوو 15.6 اینچ IdeaPad 3-I ا (Lenovo i7 1165G7-8GB-1TB-2GB MX450)۳% در تلکاماز ۲۰٫۹۵۰٫۰۰۰ توماندر ۱۱ فروشگاه    
199,لپ تاپ لنوو 15.6 اینچ IdeaPad 3-I ا (Lenovo i7 1165G7-8GB-1TB-2GB MX450),لپ تاپ لنوو 15.6 اینچ IdeaPad 3-I ا (Lenovo i7 1165G7-8GB-1TB-2GB MX450)۳% در تلکاماز ۲۰٫۹۵۰٫۰۰۰ توماندر ۱۱ فروشگاه    
200,لپ تاپ لنوو 15.6 اینچ IdeaPad 3-I ا (Lenovo i7 1165G7-8GB-1TB-2GB MX450),
201,لپ تاپ Acer Nitro 5 AN515-44-R1U8,لپ تاپ Acer Nitro 5 AN515-44-R1U8 ۲۶٫۴۷۰٫۰۰۰ توماندر روژسا    
202,لپ تاپ Acer Nitro 5 AN515-44-R1U8,لپ تاپ Acer Nitro 5 AN515-44-R1U8 ۲۶٫۴۷۰٫۰۰۰ توماندر روژسا    
203,لپ تاپ Acer Nitro 5 AN515-44-R1U8,
204,لپ تاپ لنوو  12GB RAM | 1TB | 2GB VGA | R5 | ideapad L340  ا Lenovo Ideapad L340  ,لپ تاپ لنوو  12GB RAM | 1TB | 2GB VGA | R5 | ideapad L340  ا Lenovo Ideapad L340   ۱۸٫۱۰۰٫۰۰۰ توماندر با پرتو    
205,لپ تاپ لنوو  12GB RAM | 1TB | 2GB VGA | R5 | ideapad L340  ا Lenovo Ideapad L340  ,لپ تاپ لنوو  12GB RAM | 1TB | 2GB VGA | R5 | ideapad L340  ا Lenovo Ideapad L340   ۱۸٫۱۰۰٫۰۰۰ توماندر با پرتو    
206,لپ تاپ لنوو  12GB RAM | 1TB | 2GB VGA | R5 | ideapad L340  ا Lenovo Ideapad L340  ,
207,لپ تاپ Asus X515J,لپ تاپ Asus X515J ۱۳٫۱۰۰٫۰۰۰ توماندر اقیانوس    
208,لپ تاپ Asus X515J,لپ تاپ Asus X515J ۱۳٫۱۰۰٫۰۰۰ توماندر اقیانوس    
209,لپ تاپ Asus X515J,
210,لپ تاپ 15 اینچی ایسوس مدل ASUS TUF Gaming FX506LU-US74,لپ تاپ 15 اینچی ایسوس مدل ASUS TUF Gaming FX506LU-US74۱% در شهر فافااز ۳۹٫۱۹۰٫۰۰۰ توماندر ۴ فروشگاه    
211,لپ تاپ 15 اینچی ایسوس مدل ASUS TUF Gaming FX506LU-US74,لپ تاپ 15 اینچی ایسوس مدل ASUS TUF Gaming FX506LU-US74۱% در شهر فافااز ۳۹٫۱۹۰٫۰۰۰ توماندر ۴ فروشگاه    
212,لپ تاپ 15 اینچی ایسوس مدل ASUS TUF Gaming FX506LU-US74,
213,لپ تاپ 15.6 اینچ Huawei مدل MateBook D15,لپ تاپ 15.6 اینچ Huawei مدل MateBook D15۶۶% در مشهد کالااز ۱۷٫۱۴۵٫۰۰۰ توماندر ۲ فروشگاه    
214,لپ تاپ 15.6 اینچ Huawei مدل MateBook D15,لپ تاپ 15.6 اینچ Huawei مدل MateBook D15۶۶% در مشهد کالااز ۱۷٫۱۴۵٫۰۰۰ توماندر ۲ فروشگاه    
215,لپ تاپ 15.6 اینچ Huawei مدل MateBook D15,
216,لپ تاپ 14 اینچی اچ‌پی مدل Pavilion x360 14-DW1000 ا HP Pavilion x360 14-DW1000-A Core i3 1115G4 8GB 256GB SSD Intel Full HD Touch Laptop,لپ تاپ 14 اینچی اچ‌پی مدل Pavilion x360 14-DW1000 ا HP Pavilion x360 14-DW1000-A Core i3 1115G4 8GB 256GB SSD Intel Full HD Touch Laptop از ۱۹٫۳۴۹٫۰۰۰ توماندر ۷ فروشگاه    
217,لپ تاپ 14 اینچی اچ‌پی مدل Pavilion x360 14-DW1000 ا HP Pavilion x360 14-DW1000-A Core i3 1115G4 8GB 256GB SSD Intel Full HD Touch Laptop,لپ تاپ 14 اینچی اچ‌پی مدل Pavilion x360 14-DW1000 ا HP Pavilion x360 14-DW1000-A Core i3 1115G4 8GB 256GB SSD Intel Full HD Touch Laptop از ۱۹٫۳۴۹٫۰۰۰ توماندر ۷ فروشگاه    
218,لپ تاپ 14 اینچی اچ‌پی مدل Pavilion x360 14-DW1000 ا HP Pavilion x360 14-DW1000-A Core i3 1115G4 8GB 256GB SSD Intel Full HD Touch Laptop,
219,لپ تاپ گیمینگ لنوو 15.6 اینچی مدل lenovo ideapad Gaming 3 i7/16GB/1TB+256SSD/4G 3050Ti,لپ تاپ گیمینگ لنوو 15.6 اینچی مدل lenovo ideapad Gaming 3 i7/16GB/1TB+256SSD/4G 3050Ti از ۲۸٫۰۰۰٫۰۰۰ توماندر ۶ فروشگاه    
220,لپ تاپ گیمینگ لنوو 15.6 اینچی مدل lenovo ideapad Gaming 3 i7/16GB/1TB+256SSD/4G 3050Ti,لپ تاپ گیمینگ لنوو 15.6 اینچی مدل lenovo ideapad Gaming 3 i7/16GB/1TB+256SSD/4G 3050Ti از ۲۸٫۰۰۰٫۰۰۰ توماندر ۶ فروشگاه    
221,لپ تاپ گیمینگ لنوو 15.6 اینچی مدل lenovo ideapad Gaming 3 i7/16GB/1TB+256SSD/4G 3050Ti,
222,لپ تاپ لنوو  4GB RAM | 1TB | i3 | ideapad L3 ا  Lenovo ideapad L3 ,لپ تاپ لنوو  4GB RAM | 1TB | i3 | ideapad L3 ا  Lenovo ideapad L3 ۱۲% در استوک نیواز ۱۲٫۸۰۰٫۰۰۰ توماندر ۱۹ فروشگاه    
223,لپ تاپ لنوو  4GB RAM | 1TB | i3 | ideapad L3 ا  Lenovo ideapad L3 ,لپ تاپ لنوو  4GB RAM | 1TB | i3 | ideapad L3 ا  Lenovo ideapad L3 ۱۲% در استوک نیواز ۱۲٫۸۰۰٫۰۰۰ توماندر ۱۹ فروشگاه    
224,لپ تاپ لنوو  4GB RAM | 1TB | i3 | ideapad L3 ا  Lenovo ideapad L3 ,
225,لپ تاپ دل مدل DELL Latitude E6430- i7 8G 500G 1G,لپ تاپ دل مدل DELL Latitude E6430- i7 8G 500G 1G ۶٫۹۰۰٫۰۰۰ توماندر ایران مارت    
226,لپ تاپ دل مدل DELL Latitude E6430- i7 8G 500G 1G,لپ تاپ دل مدل DELL Latitude E6430- i7 8G 500G 1G ۶٫۹۰۰٫۰۰۰ توماندر ایران مارت    
227,لپ تاپ دل مدل DELL Latitude E6430- i7 8G 500G 1G,
228,لپ تاپ لنوو مدل LEGION 5 GAMING,لپ تاپ لنوو مدل LEGION 5 GAMING ۳۶٫۸۰۰٫۰۰۰ توماندر کالاورد    
229,لپ تاپ لنوو مدل LEGION 5 GAMING,لپ تاپ لنوو مدل LEGION 5 GAMING ۳۶٫۸۰۰٫۰۰۰ توماندر کالاورد    
230,لپ تاپ لنوو مدل LEGION 5 GAMING,
231,لپ تاپ لنوو Thinkpad t510,لپ تاپ لنوو Thinkpad t510 ۴٫۵۰۰٫۰۰۰ توماندر دبی اینجا    
232,لپ تاپ لنوو Thinkpad t510,لپ تاپ لنوو Thinkpad t510 ۴٫۵۰۰٫۰۰۰ توماندر دبی اینجا    
233,لپ تاپ لنوو Thinkpad t510,
234,لپ تاپ 15 اینچی ایسوس مدل ASUS TUF Gaming FX505GT - BB51 - CB ا ASUS TUF Gaming FX505GT - BB51 - CB,لپ تاپ 15 اینچی ایسوس مدل ASUS TUF Gaming FX505GT - BB51 - CB ا ASUS TUF Gaming FX505GT - BB51 - CB۵% در راویژ۲۴٫۰۰۰٫۰۰۰ توماندر راویژ    
235,لپ تاپ 15 اینچی ایسوس مدل ASUS TUF Gaming FX505GT - BB51 - CB ا ASUS TUF Gaming FX505GT - BB51 - CB,لپ تاپ 15 اینچی ایسوس مدل ASUS TUF Gaming FX505GT - BB51 - CB ا ASUS TUF Gaming FX505GT - BB51 - CB۵% در راویژ۲۴٫۰۰۰٫۰۰۰ توماندر راویژ    
236,لپ تاپ 15 اینچی ایسوس مدل ASUS TUF Gaming FX505GT - BB51 - CB ا ASUS TUF Gaming FX505GT - BB51 - CB,
237,لپ تاپ لنوو مدل Ideapad L3,لپ تاپ لنوو مدل Ideapad L3 ۱۳٫۷۰۰٫۰۰۰ توماندر کالاورد    
238,لپ تاپ لنوو مدل Ideapad L3,لپ تاپ لنوو مدل Ideapad L3 ۱۳٫۷۰۰٫۰۰۰ توماندر کالاورد    
239,لپ تاپ لنوو مدل Ideapad L3,
240,ASUS ROG STRIX – G513QM,ASUS ROG STRIX – G513QM ۵۸٫۷۵۰٫۰۰۰ توماندر ذُرین شاپ    
241,ASUS ROG STRIX – G513QM,ASUS ROG STRIX – G513QM ۵۸٫۷۵۰٫۰۰۰ توماندر ذُرین شاپ    
242,ASUS ROG STRIX – G513QM,
243,لپ تاپ اچ پی 8GB RAM | 1TB | 4GB VGA | i5 | DA2189-A  ا HP DA2189-A ,لپ تاپ اچ پی 8GB RAM | 1TB | 4GB VGA | i5 | DA2189-A  ا HP DA2189-A ۳% در نوآور همراهاز ۱۹٫۳۹۰٫۰۰۰ توماندر ۹ فروشگاه    
244,لپ تاپ اچ پی 8GB RAM | 1TB | 4GB VGA | i5 | DA2189-A  ا HP DA2189-A ,لپ تاپ اچ پی 8GB RAM | 1TB | 4GB VGA | i5 | DA2189-A  ا HP DA2189-A ۳% در نوآور همراهاز ۱۹٫۳۹۰٫۰۰۰ توماندر ۹ فروشگاه    
245,لپ تاپ اچ پی 8GB RAM | 1TB | 4GB VGA | i5 | DA2189-A  ا HP DA2189-A ,
246,لپ تاپ هوآوی 8GB | 512 SSD | 2GB | i5 | Mate Book D14  ا Huawei MateBook D14 ,لپ تاپ هوآوی 8GB | 512 SSD | 2GB | i5 | Mate Book D14  ا Huawei MateBook D14  از ۲۳٫۲۰۰٫۰۰۰ توماندر ۷ فروشگاه    
247,لپ تاپ هوآوی 8GB | 512 SSD | 2GB | i5 | Mate Book D14  ا Huawei MateBook D14 ,لپ تاپ هوآوی 8GB | 512 SSD | 2GB | i5 | Mate Book D14  ا Huawei MateBook D14  از ۲۳٫۲۰۰٫۰۰۰ توماندر ۷ فروشگاه    
248,لپ تاپ هوآوی 8GB | 512 SSD | 2GB | i5 | Mate Book D14  ا Huawei MateBook D14 ,
249,لپ‌تاپ لنوو  8GB RAM | 256GB SSD | 4GB VGA | i7 | IdeaPad 3  ا Lenovo IdeaPad 3 ,لپ‌تاپ لنوو  8GB RAM | 256GB SSD | 4GB VGA | i7 | IdeaPad 3  ا Lenovo IdeaPad 3 ۱% در روژسا۲۳٫۴۹۰٫۰۰۰ توماندر روژسا    
250,لپ‌تاپ لنوو  8GB RAM | 256GB SSD | 4GB VGA | i7 | IdeaPad 3  ا Lenovo IdeaPad 3 ,لپ‌تاپ لنوو  8GB RAM | 256GB SSD | 4GB VGA | i7 | IdeaPad 3  ا Lenovo IdeaPad 3 ۱% در روژسا۲۳٫۴۹۰٫۰۰۰ توماندر روژسا    
251,لپ‌تاپ لنوو  8GB RAM | 256GB SSD | 4GB VGA | i7 | IdeaPad 3  ا Lenovo IdeaPad 3 ,
252,لپ تاپ ایسوس FX506HM-A مدل i5-16GB-512GB-6GB(3060) TUF,لپ تاپ ایسوس FX506HM-A مدل i5-16GB-512GB-6GB(3060) TUF۱% در با پرتواز ۳۷٫۹۰۰٫۰۰۰ توماندر ۶ فروشگاه    
253,لپ تاپ ایسوس FX506HM-A مدل i5-16GB-512GB-6GB(3060) TUF,لپ تاپ ایسوس FX506HM-A مدل i5-16GB-512GB-6GB(3060) TUF۱% در با پرتواز ۳۷٫۹۰۰٫۰۰۰ توماندر ۶ فروشگاه    
254,لپ تاپ ایسوس FX506HM-A مدل i5-16GB-512GB-6GB(3060) TUF,
255,لپ تاپ ایسوس مدل ZenBook 14 Q408UG - R5 8GB 256SSD 2GB,لپ تاپ ایسوس مدل ZenBook 14 Q408UG - R5 8GB 256SSD 2GB از ۲۰٫۷۰۰٫۰۰۰ توماندر ۲ فروشگاه    
256,لپ تاپ ایسوس مدل ZenBook 14 Q408UG - R5 8GB 256SSD 2GB,لپ تاپ ایسوس مدل ZenBook 14 Q408UG - R5 8GB 256SSD 2GB از ۲۰٫۷۰۰٫۰۰۰ توماندر ۲ فروشگاه    
257,لپ تاپ ایسوس مدل ZenBook 14 Q408UG - R5 8GB 256SSD 2GB,
258,لپ تاپ 14 اینچی ایسوس مدل Asus ZenBook Duo UX482EG-KA196T,لپ تاپ 14 اینچی ایسوس مدل Asus ZenBook Duo UX482EG-KA196T از ۴۱٫۸۰۰٫۰۰۰ توماندر ۲ فروشگاه    
259,لپ تاپ 14 اینچی ایسوس مدل Asus ZenBook Duo UX482EG-KA196T,لپ تاپ 14 اینچی ایسوس مدل Asus ZenBook Duo UX482EG-KA196T از ۴۱٫۸۰۰٫۰۰۰ توماندر ۲ فروشگاه    
260,لپ تاپ 14 اینچی ایسوس مدل Asus ZenBook Duo UX482EG-KA196T,
261,لپ تاپ اچ پی HP Pavilion Gaming 15-DK1095,لپ تاپ اچ پی HP Pavilion Gaming 15-DK1095 ۳۵٫۰۰۰٫۰۰۰ توماندر بازرگانی فردوس    
262,لپ تاپ اچ پی HP Pavilion Gaming 15-DK1095,لپ تاپ اچ پی HP Pavilion Gaming 15-DK1095 ۳۵٫۰۰۰٫۰۰۰ توماندر بازرگانی فردوس    
263,لپ تاپ اچ پی HP Pavilion Gaming 15-DK1095,
264,لپ تاپ اپل 8GB RAM | 512GB SSD | M1 | Pro MYDC2  ا Apple Pro MYDC2,لپ تاپ اپل 8GB RAM | 512GB SSD | M1 | Pro MYDC2  ا Apple Pro MYDC2 از ۳۹٫۹۰۰٫۰۰۰ توماندر ۲۲ فروشگاه    
265,لپ تاپ اپل 8GB RAM | 512GB SSD | M1 | Pro MYDC2  ا Apple Pro MYDC2,لپ تاپ اپل 8GB RAM | 512GB SSD | M1 | Pro MYDC2  ا Apple Pro MYDC2 از ۳۹٫۹۰۰٫۰۰۰ توماندر ۲۲ فروشگاه    
266,لپ تاپ اپل 8GB RAM | 512GB SSD | M1 | Pro MYDC2  ا Apple Pro MYDC2,
267,لپ تاپ دل core i7,لپ تاپ دل core i7 ۱۰٫۵۰۰٫۰۰۰ توماندر دیجی فانوس    
268,لپ تاپ دل core i7,لپ تاپ دل core i7 ۱۰٫۵۰۰٫۰۰۰ توماندر دیجی فانوس    
269,لپ تاپ دل core i7,
270,i7(10750H) 16GB 512GB SSD 6GB  Razer Blade 15 ا لپ تاپ گیمینگ ریزر Blade 15 i7,i7(10750H) 16GB 512GB SSD 6GB  Razer Blade 15 ا لپ تاپ گیمینگ ریزر Blade 15 i7 از ۴۶٫۰۰۰٫۰۰۰ توماندر ۳ فروشگاه    
271,i7(10750H) 16GB 512GB SSD 6GB  Razer Blade 15 ا لپ تاپ گیمینگ ریزر Blade 15 i7,i7(10750H) 16GB 512GB SSD 6GB  Razer Blade 15 ا لپ تاپ گیمینگ ریزر Blade 15 i7 از ۴۶٫۰۰۰٫۰۰۰ توماندر ۳ فروشگاه    
272,i7(10750H) 16GB 512GB SSD 6GB  Razer Blade 15 ا لپ تاپ گیمینگ ریزر Blade 15 i7,
273,لپ تاپ HP 14,لپ تاپ HP 14 ۵٫۵۰۰٫۰۰۰ توماندر نیمو آی تی    
274,لپ تاپ HP 14,لپ تاپ HP 14 ۵٫۵۰۰٫۰۰۰ توماندر نیمو آی تی    
275,لپ تاپ HP 14,
276,لپ‌ تاپ گیمینگ ایسر نیترو Acer Nitro 5 AN515-44-R2NZ,لپ‌ تاپ گیمینگ ایسر نیترو Acer Nitro 5 AN515-44-R2NZ۱% در دکمه ها۳۰٫۱۰۰٫۰۰۰ توماندر دکمه ها    
277,لپ‌ تاپ گیمینگ ایسر نیترو Acer Nitro 5 AN515-44-R2NZ,لپ‌ تاپ گیمینگ ایسر نیترو Acer Nitro 5 AN515-44-R2NZ۱% در دکمه ها۳۰٫۱۰۰٫۰۰۰ توماندر دکمه ها    
278,لپ‌ تاپ گیمینگ ایسر نیترو Acer Nitro 5 AN515-44-R2NZ,
279,لپ تاپ لنوو Legion 5 i7/8GB/512GB SSD/4GB ا Lenovo Legion 5 i7-10750H/8GB/512 SSD/4GB GTX 1650 Laptop,لپ تاپ لنوو Legion 5 i7/8GB/512GB SSD/4GB ا Lenovo Legion 5 i7-10750H/8GB/512 SSD/4GB GTX 1650 Laptop از ۲۹٫۵۰۰٫۰۰۰ توماندر ۵ فروشگاه    
280,لپ تاپ لنوو Legion 5 i7/8GB/512GB SSD/4GB ا Lenovo Legion 5 i7-10750H/8GB/512 SSD/4GB GTX 1650 Laptop,لپ تاپ لنوو Legion 5 i7/8GB/512GB SSD/4GB ا Lenovo Legion 5 i7-10750H/8GB/512 SSD/4GB GTX 1650 Laptop از ۲۹٫۵۰۰٫۰۰۰ توماندر ۵ فروشگاه    
281,لپ تاپ لنوو Legion 5 i7/8GB/512GB SSD/4GB ا Lenovo Legion 5 i7-10750H/8GB/512 SSD/4GB GTX 1650 Laptop,
282,مک بوک پرو  16RAM | 1TB SSD | 4GB VGA | i9 | MVVM2  ا Macbook pro MVVM2,مک بوک پرو  16RAM | 1TB SSD | 4GB VGA | i9 | MVVM2  ا Macbook pro MVVM2۵% در پارسان میاز ۷۲٫۹۹۹٫۰۰۰ توماندر ۸ فروشگاه    
283,مک بوک پرو  16RAM | 1TB SSD | 4GB VGA | i9 | MVVM2  ا Macbook pro MVVM2,مک بوک پرو  16RAM | 1TB SSD | 4GB VGA | i9 | MVVM2  ا Macbook pro MVVM2۵% در پارسان میاز ۷۲٫۹۹۹٫۰۰۰ توماندر ۸ فروشگاه    
284,مک بوک پرو  16RAM | 1TB SSD | 4GB VGA | i9 | MVVM2  ا Macbook pro MVVM2,
285,لپ تاپ Lenovo S510,لپ تاپ Lenovo S510۶% در رازاب۱۲٫۸۰۰٫۰۰۰ توماندر رازاب    
286,لپ تاپ Lenovo S510,لپ تاپ Lenovo S510۶% در رازاب۱۲٫۸۰۰٫۰۰۰ توماندر رازاب    
287,لپ تاپ Lenovo S510,
288,لپ تاپ گیمینگ 15 اینچ ایسوس ROG Strix G15 G513QY-A ا (Asus Asus R9 (5900HX)-16GB-512GB(SSD)-VGA(12GB RX 6800M)),لپ تاپ گیمینگ 15 اینچ ایسوس ROG Strix G15 G513QY-A ا (Asus Asus R9 (5900HX)-16GB-512GB(SSD)-VGA(12GB RX 6800M)) از ۶۵٫۰۰۰٫۰۰۰ توماندر ۳ فروشگاه    
289,لپ تاپ گیمینگ 15 اینچ ایسوس ROG Strix G15 G513QY-A ا (Asus Asus R9 (5900HX)-16GB-512GB(SSD)-VGA(12GB RX 6800M)),لپ تاپ گیمینگ 15 اینچ ایسوس ROG Strix G15 G513QY-A ا (Asus Asus R9 (5900HX)-16GB-512GB(SSD)-VGA(12GB RX 6800M)) از ۶۵٫۰۰۰٫۰۰۰ توماندر ۳ فروشگاه    
290,لپ تاپ گیمینگ 15 اینچ ایسوس ROG Strix G15 G513QY-A ا (Asus Asus R9 (5900HX)-16GB-512GB(SSD)-VGA(12GB RX 6800M)),
291,لپ تاپ لنوو  12GB RAM | 1TB | 2GB VGA | i7 | Ideapad L3 ا Lenovo Ideapad L3,لپ تاپ لنوو  12GB RAM | 1TB | 2GB VGA | i7 | Ideapad L3 ا Lenovo Ideapad L3 از ۲۲٫۹۰۰٫۰۰۰ توماندر ۵ فروشگاه    
292,لپ تاپ لنوو  12GB RAM | 1TB | 2GB VGA | i7 | Ideapad L3 ا Lenovo Ideapad L3,لپ تاپ لنوو  12GB RAM | 1TB | 2GB VGA | i7 | Ideapad L3 ا Lenovo Ideapad L3 از ۲۲٫۹۰۰٫۰۰۰ توماندر ۵ فروشگاه    
293,لپ تاپ لنوو  12GB RAM | 1TB | 2GB VGA | i7 | Ideapad L3 ا Lenovo Ideapad L3,
294,لپ تاپ ایسوس M515d,لپ تاپ ایسوس M515d۲۴% در گیتامارکت۱۵٫۹۹۰٫۰۰۰ توماندر گیتامارکت    
295,لپ تاپ ایسوس M515d,لپ تاپ ایسوس M515d۲۴% در گیتامارکت۱۵٫۹۹۰٫۰۰۰ توماندر گیتامارکت    
296,لپ تاپ ایسوس M515d,
297,لپ تاپ ایسوس ROG Strix G15 G513QE R7(5800H)/16GB/1T SSD/4GB RTX3050TI/FHD ا ASUS ROG Strix G15 G513QE R7(5800H)/16GB/1T SSD/4GB RTX3050TI/FHD Laptop,لپ تاپ ایسوس ROG Strix G15 G513QE R7(5800H)/16GB/1T SSD/4GB RTX3050TI/FHD ا ASUS ROG Strix G15 G513QE R7(5800H)/16GB/1T SSD/4GB RTX3050TI/FHD Laptop۴% در آیتی هوم۴۶٫۹۹۹٫۰۰۰ توماندر آیتی هوم    
298,لپ تاپ ایسوس ROG Strix G15 G513QE R7(5800H)/16GB/1T SSD/4GB RTX3050TI/FHD ا ASUS ROG Strix G15 G513QE R7(5800H)/16GB/1T SSD/4GB RTX3050TI/FHD Laptop,لپ تاپ ایسوس ROG Strix G15 G513QE R7(5800H)/16GB/1T SSD/4GB RTX3050TI/FHD ا ASUS ROG Strix G15 G513QE R7(5800H)/16GB/1T SSD/4GB RTX3050TI/FHD Laptop۴% در آیتی هوم۴۶٫۹۹۹٫۰۰۰ توماندر آیتی هوم    
299,لپ تاپ ایسوس ROG Strix G15 G513QE R7(5800H)/16GB/1T SSD/4GB RTX3050TI/FHD ا ASUS ROG Strix G15 G513QE R7(5800H)/16GB/1T SSD/4GB RTX3050TI/FHD Laptop,
300,لپ تاپ Lenovo مدل IdeaPad 5 15ITL05 (صفحه لمسی),لپ تاپ Lenovo مدل IdeaPad 5 15ITL05 (صفحه لمسی)۴% در تاجر۲۴۲۵٫۴۰۰٫۰۰۰ توماندر تاجر۲۴    
301,لپ تاپ Lenovo مدل IdeaPad 5 15ITL05 (صفحه لمسی),لپ تاپ Lenovo مدل IdeaPad 5 15ITL05 (صفحه لمسی)۴% در تاجر۲۴۲۵٫۴۰۰٫۰۰۰ توماندر تاجر۲۴    
302,لپ تاپ Lenovo مدل IdeaPad 5 15ITL05 (صفحه لمسی),
303,لپ تاپ 15 اینچی ایسوس مدل ROG Strix G512LV,لپ تاپ 15 اینچی ایسوس مدل ROG Strix G512LV۵% در پردیس رایانهاز ۳۹٫۹۹۰٫۰۰۰ توماندر ۴ فروشگاه    
304,لپ تاپ 15 اینچی ایسوس مدل ROG Strix G512LV,لپ تاپ 15 اینچی ایسوس مدل ROG Strix G512LV۵% در پردیس رایانهاز ۳۹٫۹۹۰٫۰۰۰ توماندر ۴ فروشگاه    
305,لپ تاپ 15 اینچی ایسوس مدل ROG Strix G512LV,
306,لپ تاپ 17 اینچی ایسوس مدل ROG Strix G17 G713QM-HX143,لپ تاپ 17 اینچی ایسوس مدل ROG Strix G17 G713QM-HX143۱% در نوین رایانه۵۹٫۲۰۰٫۰۰۰ توماندر نوین رایانه    
307,لپ تاپ 17 اینچی ایسوس مدل ROG Strix G17 G713QM-HX143,لپ تاپ 17 اینچی ایسوس مدل ROG Strix G17 G713QM-HX143۱% در نوین رایانه۵۹٫۲۰۰٫۰۰۰ توماندر نوین رایانه    
308,لپ تاپ 17 اینچی ایسوس مدل ROG Strix G17 G713QM-HX143,
309,لپ تاپ مایکروسافت  16GB RAM | 256GB SSD | i7 | Surface PRO7 ا Laptop Surface PRO7,لپ تاپ مایکروسافت  16GB RAM | 256GB SSD | i7 | Surface PRO7 ا Laptop Surface PRO7 از ۳۱٫۶۴۹٫۰۰۰ توماندر ۲ فروشگاه    
310,لپ تاپ مایکروسافت  16GB RAM | 256GB SSD | i7 | Surface PRO7 ا Laptop Surface PRO7,لپ تاپ مایکروسافت  16GB RAM | 256GB SSD | i7 | Surface PRO7 ا Laptop Surface PRO7 از ۳۱٫۶۴۹٫۰۰۰ توماندر ۲ فروشگاه    
311,لپ تاپ مایکروسافت  16GB RAM | 256GB SSD | i7 | Surface PRO7 ا Laptop Surface PRO7,
312,لپ تاپ لنوو  16GB RAM | 1+256GB SSD | 6GB VGA | i7 | legion 5  ا Lenovo legion 5 15IMH05H ,لپ تاپ لنوو  16GB RAM | 1+256GB SSD | 6GB VGA | i7 | legion 5  ا Lenovo legion 5 15IMH05H  از ۳۸٫۵۰۰٫۰۰۰ توماندر ۳ فروشگاه    
313,لپ تاپ لنوو  16GB RAM | 1+256GB SSD | 6GB VGA | i7 | legion 5  ا Lenovo legion 5 15IMH05H ,لپ تاپ لنوو  16GB RAM | 1+256GB SSD | 6GB VGA | i7 | legion 5  ا Lenovo legion 5 15IMH05H  از ۳۸٫۵۰۰٫۰۰۰ توماندر ۳ فروشگاه    
314,لپ تاپ لنوو  16GB RAM | 1+256GB SSD | 6GB VGA | i7 | legion 5  ا Lenovo legion 5 15IMH05H ,
315,لپ تاپ ایسر مدل Acer Nitro 5 AN515-44-R99Q R5 4600H ا Acer Nitro 5 AN515-44-R99Q R5(4600H)-8GB-256GB-4GB(GTX 1650) Full HD,لپ تاپ ایسر مدل Acer Nitro 5 AN515-44-R99Q R5 4600H ا Acer Nitro 5 AN515-44-R99Q R5(4600H)-8GB-256GB-4GB(GTX 1650) Full HD۲% در ایران تک 24۲۴٫۸۰۰٫۰۰۰ توماندر ایران تک 24    
316,لپ تاپ ایسر مدل Acer Nitro 5 AN515-44-R99Q R5 4600H ا Acer Nitro 5 AN515-44-R99Q R5(4600H)-8GB-256GB-4GB(GTX 1650) Full HD,لپ تاپ ایسر مدل Acer Nitro 5 AN515-44-R99Q R5 4600H ا Acer Nitro 5 AN515-44-R99Q R5(4600H)-8GB-256GB-4GB(GTX 1650) Full HD۲% در ایران تک 24۲۴٫۸۰۰٫۰۰۰ توماندر ایران تک 24    
317,لپ تاپ ایسر مدل Acer Nitro 5 AN515-44-R99Q R5 4600H ا Acer Nitro 5 AN515-44-R99Q R5(4600H)-8GB-256GB-4GB(GTX 1650) Full HD,
318,لپ تاپ ایسوس مدل ASUS R565JF 4GB ا ASUS R565JF-BQ078 4GB No ODD,لپ تاپ ایسوس مدل ASUS R565JF 4GB ا ASUS R565JF-BQ078 4GB No ODD از ۱۶٫۹۹۰٫۰۰۰ توماندر ۶ فروشگاه    
319,لپ تاپ ایسوس مدل ASUS R565JF 4GB ا ASUS R565JF-BQ078 4GB No ODD,لپ تاپ ایسوس مدل ASUS R565JF 4GB ا ASUS R565JF-BQ078 4GB No ODD از ۱۶٫۹۹۰٫۰۰۰ توماندر ۶ فروشگاه    
320,لپ تاپ ایسوس مدل ASUS R565JF 4GB ا ASUS R565JF-BQ078 4GB No ODD,
321,لنوو 4GB RAM | 1TB HDD | 2GB VGA | i3 | IdeaPad 3 ا Lenovo IdeaPad 3-C ,لنوو 4GB RAM | 1TB HDD | 2GB VGA | i3 | IdeaPad 3 ا Lenovo IdeaPad 3-C  از ۱۳٫۸۹۹٫۰۰۰ توماندر ۱۱ فروشگاه    
322,لنوو 4GB RAM | 1TB HDD | 2GB VGA | i3 | IdeaPad 3 ا Lenovo IdeaPad 3-C ,لنوو 4GB RAM | 1TB HDD | 2GB VGA | i3 | IdeaPad 3 ا Lenovo IdeaPad 3-C  از ۱۳٫۸۹۹٫۰۰۰ توماندر ۱۱ فروشگاه    
323,لنوو 4GB RAM | 1TB HDD | 2GB VGA | i3 | IdeaPad 3 ا Lenovo IdeaPad 3-C ,
324,لپ تاپ هیبریدی  HP Elite x2 1012 G2,لپ تاپ هیبریدی  HP Elite x2 1012 G2 ۱۲٫۲۰۰٫۰۰۰ توماندر ایران مدیاتک    
325,لپ تاپ هیبریدی  HP Elite x2 1012 G2,لپ تاپ هیبریدی  HP Elite x2 1012 G2 ۱۲٫۲۰۰٫۰۰۰ توماندر ایران مدیاتک    
326,لپ تاپ هیبریدی  HP Elite x2 1012 G2,
327,Lenovo Legion 5 Ryzen 5 4600H 8G 1+256SSD 4G GTX 1650TI,Lenovo Legion 5 Ryzen 5 4600H 8G 1+256SSD 4G GTX 1650TI از ۲۶٫۴۹۰٫۰۰۰ توماندر ۳ فروشگاه    
328,Lenovo Legion 5 Ryzen 5 4600H 8G 1+256SSD 4G GTX 1650TI,Lenovo Legion 5 Ryzen 5 4600H 8G 1+256SSD 4G GTX 1650TI از ۲۶٫۴۹۰٫۰۰۰ توماندر ۳ فروشگاه    
329,Lenovo Legion 5 Ryzen 5 4600H 8G 1+256SSD 4G GTX 1650TI,
330,لپ تاپ HP Pavilion x360 m3,لپ تاپ HP Pavilion x360 m3 ۱۸٫۰۲۴٫۰۰۰ توماندر تزار شاپ    
331,لپ تاپ HP Pavilion x360 m3,لپ تاپ HP Pavilion x360 m3 ۱۸٫۰۲۴٫۰۰۰ توماندر تزار شاپ    
332,لپ تاپ HP Pavilion x360 m3,
333,مک بوک پرو 8GB RAM | 512GB SSD | i5 | MXK52 ا MacBook Pro MXK52,مک بوک پرو 8GB RAM | 512GB SSD | i5 | MXK52 ا MacBook Pro MXK52 از ۳۵٫۰۰۰٫۰۰۰ توماندر ۱۲ فروشگاه    
334,مک بوک پرو 8GB RAM | 512GB SSD | i5 | MXK52 ا MacBook Pro MXK52,مک بوک پرو 8GB RAM | 512GB SSD | i5 | MXK52 ا MacBook Pro MXK52 از ۳۵٫۰۰۰٫۰۰۰ توماندر ۱۲ فروشگاه    
335,مک بوک پرو 8GB RAM | 512GB SSD | i5 | MXK52 ا MacBook Pro MXK52,
336,لپ تاپ 15 اینچی لنوو مدل Ideapad L3 - 15IML05 -i7,لپ تاپ 15 اینچی لنوو مدل Ideapad L3 - 15IML05 -i7۳% در نوین رایانه۲۲٫۳۵۰٫۰۰۰ توماندر نوین رایانه    
337,لپ تاپ 15 اینچی لنوو مدل Ideapad L3 - 15IML05 -i7,لپ تاپ 15 اینچی لنوو مدل Ideapad L3 - 15IML05 -i7۳% در نوین رایانه۲۲٫۳۵۰٫۰۰۰ توماندر نوین رایانه    
338,لپ تاپ 15 اینچی لنوو مدل Ideapad L3 - 15IML05 -i7,
339,لپ تاپ 14 اینچی ایسوس مدل VivoBook X415EA,لپ تاپ 14 اینچی ایسوس مدل VivoBook X415EA از ۱۴٫۳۵۰٫۰۰۰ توماندر ۱۰ فروشگاه    
340,لپ تاپ 14 اینچی ایسوس مدل VivoBook X415EA,لپ تاپ 14 اینچی ایسوس مدل VivoBook X415EA از ۱۴٫۳۵۰٫۰۰۰ توماندر ۱۰ فروشگاه    
341,لپ تاپ 14 اینچی ایسوس مدل VivoBook X415EA,
342,لپ تاپ گیمینگ ایسوس  ASUS TUF A15 FA506QM R7 5800H RTX3060,لپ تاپ گیمینگ ایسوس  ASUS TUF A15 FA506QM R7 5800H RTX3060۷% در پی بی 360۴۱٫۲۱۰٫۰۰۰ توماندر پی بی 360    
343,لپ تاپ گیمینگ ایسوس  ASUS TUF A15 FA506QM R7 5800H RTX3060,لپ تاپ گیمینگ ایسوس  ASUS TUF A15 FA506QM R7 5800H RTX3060۷% در پی بی 360۴۱٫۲۱۰٫۰۰۰ توماندر پی بی 360    
344,لپ تاپ گیمینگ ایسوس  ASUS TUF A15 FA506QM R7 5800H RTX3060,
345,لپ‌تاپ لنوو  8GB RAM | 1GB | 2GB VGA | i3 | L3  ا Lenovo L3 ,لپ‌تاپ لنوو  8GB RAM | 1GB | 2GB VGA | i3 | L3  ا Lenovo L3  از ۱۴٫۵۰۰٫۰۰۰ توماندر ۹ فروشگاه    
346,لپ‌تاپ لنوو  8GB RAM | 1GB | 2GB VGA | i3 | L3  ا Lenovo L3 ,لپ‌تاپ لنوو  8GB RAM | 1GB | 2GB VGA | i3 | L3  ا Lenovo L3  از ۱۴٫۵۰۰٫۰۰۰ توماندر ۹ فروشگاه    
347,لپ‌تاپ لنوو  8GB RAM | 1GB | 2GB VGA | i3 | L3  ا Lenovo L3 ,
348,لپ تاپ اچ پی  16GB RAM | 1+512GB SSD | 6GB VGA | i7 | DH1070WM ا Hp OMEN 15 DH1070WM,لپ تاپ اچ پی  16GB RAM | 1+512GB SSD | 6GB VGA | i7 | DH1070WM ا Hp OMEN 15 DH1070WM از ۳۷٫۰۰۰٫۰۰۰ توماندر ۲ فروشگاه    
349,لپ تاپ اچ پی  16GB RAM | 1+512GB SSD | 6GB VGA | i7 | DH1070WM ا Hp OMEN 15 DH1070WM,لپ تاپ اچ پی  16GB RAM | 1+512GB SSD | 6GB VGA | i7 | DH1070WM ا Hp OMEN 15 DH1070WM از ۳۷٫۰۰۰٫۰۰۰ توماندر ۲ فروشگاه    
350,لپ تاپ اچ پی  16GB RAM | 1+512GB SSD | 6GB VGA | i7 | DH1070WM ا Hp OMEN 15 DH1070WM,
351,لپ تاپ لنوو  4GB RAM | 1TB | Celeron | V15  ا Lenovo V15,لپ تاپ لنوو  4GB RAM | 1TB | Celeron | V15  ا Lenovo V15۷% در پارس میاز ۸٫۳۷۰٫۰۰۰ توماندر ۶ فروشگاه    
352,لپ تاپ لنوو  4GB RAM | 1TB | Celeron | V15  ا Lenovo V15,لپ تاپ لنوو  4GB RAM | 1TB | Celeron | V15  ا Lenovo V15۷% در پارس میاز ۸٫۳۷۰٫۰۰۰ توماندر ۶ فروشگاه    
353,لپ تاپ لنوو  4GB RAM | 1TB | Celeron | V15  ا Lenovo V15,
354,لپ تاپ لنوو مدل Lenovo ThinkPad T460s - i7 8G 256GSSD 2G,لپ تاپ لنوو مدل Lenovo ThinkPad T460s - i7 8G 256GSSD 2G ۱۳٫۶۰۰٫۰۰۰ توماندر ایران مارت    
355,لپ تاپ لنوو مدل Lenovo ThinkPad T460s - i7 8G 256GSSD 2G,لپ تاپ لنوو مدل Lenovo ThinkPad T460s - i7 8G 256GSSD 2G ۱۳٫۶۰۰٫۰۰۰ توماندر ایران مارت    
356,لپ تاپ لنوو مدل Lenovo ThinkPad T460s - i7 8G 256GSSD 2G,
357,لپ تاپ لنوو Lenovo IdeaPad 15 Gaming L340-A,لپ تاپ لنوو Lenovo IdeaPad 15 Gaming L340-A۵% در نایاکالا۲۹٫۰۶۹٫۰۰۰ توماندر نایاکالا    
358,لپ تاپ لنوو Lenovo IdeaPad 15 Gaming L340-A,لپ تاپ لنوو Lenovo IdeaPad 15 Gaming L340-A۵% در نایاکالا۲۹٫۰۶۹٫۰۰۰ توماندر نایاکالا    
359,لپ تاپ لنوو Lenovo IdeaPad 15 Gaming L340-A,
